L/2,density,probability_of_spread,south_wind_speed,west_wind_speed,big-jumps,percentage-burned
450,50,100,-20,0,FALSE,3.183887694
450,51,100,-20,0,FALSE,2.706818323
450,52,100,-20,0,FALSE,2.772942434
450,53,100,-20,0,FALSE,5.610135985
450,54,100,-20,0,FALSE,3.605470369
450,55,100,-20,0,FALSE,3.857944358
450,56,100,-20,0,FALSE,5.754290105
450,57,100,-20,0,FALSE,5.323140681
450,58,100,-20,0,FALSE,5.641830497
450,59,100,-20,0,FALSE,5.124312014
450,60,100,-20,0,FALSE,41.22897904
450,61,100,-20,0,FALSE,14.99422996
450,62,100,-20,0,FALSE,76.95035461
450,63,100,-20,0,FALSE,84.14498611
450,64,100,-20,0,FALSE,88.35607925
450,65,100,-20,0,FALSE,89.85755964
450,66,100,-20,0,FALSE,90.33900771
450,67,100,-20,0,FALSE,91.62311094
450,68,100,-20,0,FALSE,95.51567405
450,69,100,-20,0,FALSE,96.58354287
450,70,100,-20,0,FALSE,97.09078483
450,50,100,-10,0,FALSE,3.674986383
450,51,100,-10,0,FALSE,3.235431235
450,52,100,-10,0,FALSE,2.690693656
450,53,100,-10,0,FALSE,3.871237958
450,54,100,-10,0,FALSE,4.25738782
450,55,100,-10,0,FALSE,6.742288327
450,56,100,-10,0,FALSE,9.407022623
450,57,100,-10,0,FALSE,5.703965054
450,58,100,-10,0,FALSE,34.63711668
450,59,100,-10,0,FALSE,24.58716091
450,60,100,-10,0,FALSE,34.78525981
450,61,100,-10,0,FALSE,17.11293117
450,62,100,-10,0,FALSE,80.58927248
450,63,100,-10,0,FALSE,85.84124419
450,64,100,-10,0,FALSE,89.92041117
450,65,100,-10,0,FALSE,92.27600412
450,66,100,-10,0,FALSE,94.28689061
450,67,100,-10,0,FALSE,95.69838779
450,68,100,-10,0,FALSE,97.11644494
450,69,100,-10,0,FALSE,97.57309604
450,70,100,-10,0,FALSE,97.73333637
450,50,100,0,0,FALSE,3.377752213
450,51,100,0,0,FALSE,2.59429507
450,52,100,0,0,FALSE,5.316696887
450,53,100,0,0,FALSE,5.664044977
450,54,100,0,0,FALSE,5.217083739
450,55,100,0,0,FALSE,5.223536198
450,56,100,0,0,FALSE,5.769725374
450,57,100,0,0,FALSE,14.16694753
450,58,100,0,0,FALSE,32.58584636
450,59,100,0,0,FALSE,41.91623206
450,60,100,0,0,FALSE,71.50669583
450,61,100,0,0,FALSE,85.41259797
450,62,100,0,0,FALSE,88.96468597
450,63,100,0,0,FALSE,92.54737055
450,64,100,0,0,FALSE,92.56321639
450,65,100,0,0,FALSE,95.64961931
450,66,100,0,0,FALSE,96.71784013
450,67,100,0,0,FALSE,96.8881393
450,68,100,0,0,FALSE,97.74309612
450,69,100,0,0,FALSE,98.49857445
450,70,100,0,0,FALSE,99.00487363
450,50,100,10,0,FALSE,2.896529868
450,51,100,10,0,FALSE,3.753166734
450,52,100,10,0,FALSE,4.150745717
450,53,100,10,0,FALSE,3.852520692
450,54,100,10,0,FALSE,3.594674556
450,55,100,10,0,FALSE,7.103347889
450,56,100,10,0,FALSE,10.16901008
450,57,100,10,0,FALSE,5.432657393
450,58,100,10,0,FALSE,12.59222688
450,59,100,10,0,FALSE,21.39027347
450,60,100,10,0,FALSE,38.02794411
450,61,100,10,0,FALSE,77.29581152
450,62,100,10,0,FALSE,85.3135398
450,63,100,10,0,FALSE,89.96899186
450,64,100,10,0,FALSE,91.33388277
450,65,100,10,0,FALSE,93.06410854
450,66,100,10,0,FALSE,94.29240274
450,67,100,10,0,FALSE,95.50898917
450,68,100,10,0,FALSE,96.379858
450,69,100,10,0,FALSE,97.13200204
450,70,100,10,0,FALSE,98.10028666
450,50,100,20,0,FALSE,3.124304031
450,51,100,20,0,FALSE,3.01252079
450,52,100,20,0,FALSE,3.196840189
450,53,100,20,0,FALSE,4.532102392
450,54,100,20,0,FALSE,4.084201897
450,55,100,20,0,FALSE,3.80664125
450,56,100,20,0,FALSE,5.359986351
450,57,100,20,0,FALSE,3.342540666
450,58,100,20,0,FALSE,9.23797011
450,59,100,20,0,FALSE,8.821632083
450,60,100,20,0,FALSE,12.40425532
450,61,100,20,0,FALSE,54.6930042
450,62,100,20,0,FALSE,73.09575695
450,63,100,20,0,FALSE,85.40705443
450,64,100,20,0,FALSE,86.38718794
450,65,100,20,0,FALSE,89.68130922
450,66,100,20,0,FALSE,93.68441367
450,67,100,20,0,FALSE,95.13475177
450,68,100,20,0,FALSE,96.25892544
450,69,100,20,0,FALSE,97.12975974
450,70,100,20,0,FALSE,97.45795587
450,50,100,-20,0,FALSE,2.704680689
450,51,100,-20,0,FALSE,3.007069914
450,52,100,-20,0,FALSE,3.530934188
450,53,100,-20,0,FALSE,3.600949833
450,54,100,-20,0,FALSE,4.822057214
450,55,100,-20,0,FALSE,3.486689815
450,56,100,-20,0,FALSE,6.254086477
450,57,100,-20,0,FALSE,4.755291373
450,58,100,-20,0,FALSE,8.170033162
450,59,100,-20,0,FALSE,13.66324391
450,60,100,-20,0,FALSE,24.89198717
450,61,100,-20,0,FALSE,25.79896168
450,62,100,-20,0,FALSE,38.51136013
450,63,100,-20,0,FALSE,83.90224095
450,64,100,-20,0,FALSE,77.99235466
450,65,100,-20,0,FALSE,92.02453988
450,66,100,-20,0,FALSE,91.74958941
450,67,100,-20,0,FALSE,93.88498631
450,68,100,-20,0,FALSE,94.6920498
450,69,100,-20,0,FALSE,97.21658519
450,70,100,-20,0,FALSE,96.89777697
450,50,100,-10,0,FALSE,2.257249736
450,51,100,-10,0,FALSE,3.730223251
450,52,100,-10,0,FALSE,3.657791891
450,53,100,-10,0,FALSE,3.00955127
450,54,100,-10,0,FALSE,4.373933008
450,55,100,-10,0,FALSE,3.982724137
450,56,100,-10,0,FALSE,5.947374403
450,57,100,-10,0,FALSE,9.963813852
450,58,100,-10,0,FALSE,15.28722028
450,59,100,-10,0,FALSE,10.33423181
450,60,100,-10,0,FALSE,30.62923627
450,61,100,-10,0,FALSE,67.65911881
450,62,100,-10,0,FALSE,80.02925177
450,63,100,-10,0,FALSE,85.58819821
450,64,100,-10,0,FALSE,91.40132135
450,65,100,-10,0,FALSE,93.31565247
450,66,100,-10,0,FALSE,95.06506024
450,67,100,-10,0,FALSE,95.92517574
450,68,100,-10,0,FALSE,96.59949917
450,69,100,-10,0,FALSE,97.41114524
450,70,100,-10,0,FALSE,98.40406156
450,50,100,0,0,FALSE,3.458387786
450,51,100,0,0,FALSE,4.459493197
450,52,100,0,0,FALSE,4.530882667
450,53,100,0,0,FALSE,3.648314539
450,54,100,0,0,FALSE,4.389002338
450,55,100,0,0,FALSE,7.620239169
450,56,100,0,0,FALSE,6.667985195
450,57,100,0,0,FALSE,7.493598222
450,58,100,0,0,FALSE,4.531962843
450,59,100,0,0,FALSE,43.20425209
450,60,100,0,0,FALSE,76.59490264
450,61,100,0,0,FALSE,80.75049238
450,62,100,0,0,FALSE,89.09174948
450,63,100,0,0,FALSE,90.34454721
450,64,100,0,0,FALSE,94.24190971
450,65,100,0,0,FALSE,95.33263245
450,66,100,0,0,FALSE,95.61812689
450,67,100,0,0,FALSE,97.57283868
450,68,100,0,0,FALSE,97.4118256
450,69,100,0,0,FALSE,98.20749718
450,70,100,0,0,FALSE,98.74580221
450,50,100,10,0,FALSE,3.599974423
450,51,100,10,0,FALSE,3.588359024
450,52,100,10,0,FALSE,3.005254586
450,53,100,10,0,FALSE,3.097545512
450,54,100,10,0,FALSE,5.646084735
450,55,100,10,0,FALSE,5.251280271
450,56,100,10,0,FALSE,4.092637793
450,57,100,10,0,FALSE,5.472289022
450,58,100,10,0,FALSE,9.480308007
450,59,100,10,0,FALSE,9.753317593
450,60,100,10,0,FALSE,19.82928256
450,61,100,10,0,FALSE,28.04122093
450,62,100,10,0,FALSE,78.82186858
450,63,100,10,0,FALSE,87.57825371
450,64,100,10,0,FALSE,89.00067573
450,65,100,10,0,FALSE,88.17493939
450,66,100,10,0,FALSE,95.01352265
450,67,100,10,0,FALSE,96.86287499
450,68,100,10,0,FALSE,96.39855379
450,69,100,10,0,FALSE,97.50548056
450,70,100,10,0,FALSE,98.10319185
450,50,100,20,0,FALSE,2.636975328
450,51,100,20,0,FALSE,3.86227452
450,52,100,20,0,FALSE,4.65896271
450,53,100,20,0,FALSE,3.245693563
450,54,100,20,0,FALSE,5.178524355
450,55,100,20,0,FALSE,4.941692645
450,56,100,20,0,FALSE,3.599302439
450,57,100,20,0,FALSE,6.154832952
450,58,100,20,0,FALSE,5.115907274
450,59,100,20,0,FALSE,12.20189921
450,60,100,20,0,FALSE,13.59431737
450,61,100,20,0,FALSE,28.2844663
450,62,100,20,0,FALSE,77.50044891
450,63,100,20,0,FALSE,80.23441258
450,64,100,20,0,FALSE,88.01172496
450,65,100,20,0,FALSE,91.06253527
450,66,100,20,0,FALSE,92.1920031
450,67,100,20,0,FALSE,94.99537926
450,68,100,20,0,FALSE,95.66317565
450,69,100,20,0,FALSE,96.69644712
450,70,100,20,0,FALSE,97.17304007
450,50,100,-20,0,FALSE,2.620101238
450,51,100,-20,0,FALSE,2.763928705
450,52,100,-20,0,FALSE,3.175719045
450,53,100,-20,0,FALSE,3.454589111
450,54,100,-20,0,FALSE,4.199172577
450,55,100,-20,0,FALSE,4.497254583
450,56,100,-20,0,FALSE,3.347304033
450,57,100,-20,0,FALSE,7.553048164
450,58,100,-20,0,FALSE,7.105291991
450,59,100,-20,0,FALSE,14.94159855
450,60,100,-20,0,FALSE,26.39264324
450,61,100,-20,0,FALSE,60.41634059
450,62,100,-20,0,FALSE,20.61765086
450,63,100,-20,0,FALSE,39.35534314
450,64,100,-20,0,FALSE,84.08525047
450,65,100,-20,0,FALSE,91.03966494
450,66,100,-20,0,FALSE,93.14871253
450,67,100,-20,0,FALSE,95.25447043
450,68,100,-20,0,FALSE,95.53705794
450,69,100,-20,0,FALSE,96.85171557
450,70,100,-20,0,FALSE,96.91656175
450,50,100,-10,0,FALSE,2.280408073
450,51,100,-10,0,FALSE,3.222787259
450,52,100,-10,0,FALSE,4.035293392
450,53,100,-10,0,FALSE,5.709409898
450,54,100,-10,0,FALSE,3.025557689
450,55,100,-10,0,FALSE,3.993146309
450,56,100,-10,0,FALSE,6.87243381
450,57,100,-10,0,FALSE,19.48521174
450,58,100,-10,0,FALSE,12.39025733
450,59,100,-10,0,FALSE,12.52176752
450,60,100,-10,0,FALSE,64.82212392
450,61,100,-10,0,FALSE,43.83619218
450,62,100,-10,0,FALSE,70.7670118
450,63,100,-10,0,FALSE,86.29599636
450,64,100,-10,0,FALSE,90.23278974
450,65,100,-10,0,FALSE,92.39938194
450,66,100,-10,0,FALSE,93.91579813
450,67,100,-10,0,FALSE,95.66438894
450,68,100,-10,0,FALSE,96.77002584
450,69,100,-10,0,FALSE,97.31683581
450,70,100,-10,0,FALSE,98.03738104
450,50,100,0,0,FALSE,3.954028843
450,51,100,0,0,FALSE,3.922920257
450,52,100,0,0,FALSE,3.53898388
450,53,100,0,0,FALSE,3.623101399
450,54,100,0,0,FALSE,4.452317685
450,55,100,0,0,FALSE,6.178177597
450,56,100,0,0,FALSE,10.10330344
450,57,100,0,0,FALSE,7.28914152
450,58,100,0,0,FALSE,46.78700559
450,59,100,0,0,FALSE,34.54020974
450,60,100,0,0,FALSE,51.43414165
450,61,100,0,0,FALSE,80.74641298
450,62,100,0,0,FALSE,89.93718787
450,63,100,0,0,FALSE,90.29759789
450,64,100,0,0,FALSE,91.81425324
450,65,100,0,0,FALSE,95.84270212
450,66,100,0,0,FALSE,96.44212409
450,67,100,0,0,FALSE,96.96407328
450,68,100,0,0,FALSE,97.55491479
450,69,100,0,0,FALSE,98.11107523
450,70,100,0,0,FALSE,98.80304927
450,50,100,10,0,FALSE,3.1531675
450,51,100,10,0,FALSE,2.634618386
450,52,100,10,0,FALSE,3.072668613
450,53,100,10,0,FALSE,6.690565128
450,54,100,10,0,FALSE,7.203087886
450,55,100,10,0,FALSE,6.958680099
450,56,100,10,0,FALSE,5.843822977
450,57,100,10,0,FALSE,10.79229242
450,58,100,10,0,FALSE,13.98058785
450,59,100,10,0,FALSE,50.50469515
450,60,100,10,0,FALSE,36.21898741
450,61,100,10,0,FALSE,56.58985454
450,62,100,10,0,FALSE,82.81061365
450,63,100,10,0,FALSE,89.41090062
450,64,100,10,0,FALSE,89.47014256
450,65,100,10,0,FALSE,91.36277804
450,66,100,10,0,FALSE,94.46449769
450,67,100,10,0,FALSE,95.45963725
450,68,100,10,0,FALSE,96.99147152
450,69,100,10,0,FALSE,97.57706719
450,70,100,10,0,FALSE,98.09410906
450,50,100,20,0,FALSE,2.281417283
450,51,100,20,0,FALSE,4.394573983
450,52,100,20,0,FALSE,3.135439973
450,53,100,20,0,FALSE,3.974250484
450,54,100,20,0,FALSE,2.903966106
450,55,100,20,0,FALSE,6.361153086
450,56,100,20,0,FALSE,5.329260983
450,57,100,20,0,FALSE,6.214435879
450,58,100,20,0,FALSE,9.605266782
450,59,100,20,0,FALSE,21.13569801
450,60,100,20,0,FALSE,16.35652104
450,61,100,20,0,FALSE,8.937552389
450,62,100,20,0,FALSE,50.5937998
450,63,100,20,0,FALSE,74.42855335
450,64,100,20,0,FALSE,82.67942823
450,65,100,20,0,FALSE,89.63039266
450,66,100,20,0,FALSE,93.14431624
450,67,100,20,0,FALSE,94.55096827
450,68,100,20,0,FALSE,96.31913347
450,69,100,20,0,FALSE,96.76682886
450,70,100,20,0,FALSE,97.71564951
450,50,100,0,-20,FALSE,2.509979243
450,51,100,0,-20,FALSE,2.858388342
450,52,100,0,-20,FALSE,2.808370044
450,53,100,0,-20,FALSE,2.762214591
450,54,100,0,-20,FALSE,3.017228642
450,55,100,0,-20,FALSE,2.278913534
450,56,100,0,-20,FALSE,4.273528575
450,57,100,0,-20,FALSE,3.238047053
450,58,100,0,-20,FALSE,4.306867783
450,59,100,0,-20,FALSE,7.534486004
450,60,100,0,-20,FALSE,4.604931391
450,61,100,0,-20,FALSE,7.61481943
450,62,100,0,-20,FALSE,67.19583504
450,63,100,0,-20,FALSE,22.47957444
450,64,100,0,-20,FALSE,72.34858865
450,65,100,0,-20,FALSE,89.68091335
450,66,100,0,-20,FALSE,93.34365325
450,67,100,0,-20,FALSE,94.01904762
450,68,100,0,-20,FALSE,95.02099017
450,69,100,0,-20,FALSE,96.56374847
450,70,100,0,-20,FALSE,97.18348311
450,50,100,0,-10,FALSE,2.755179865
450,51,100,0,-10,FALSE,2.333729588
450,52,100,0,-10,FALSE,3.487513839
450,53,100,0,-10,FALSE,4.519021081
450,54,100,0,-10,FALSE,3.944515401
450,55,100,0,-10,FALSE,4.653789349
450,56,100,0,-10,FALSE,5.183831925
450,57,100,0,-10,FALSE,6.460469547
450,58,100,0,-10,FALSE,8.258092931
450,59,100,0,-10,FALSE,32.55870184
450,60,100,0,-10,FALSE,12.08334436
450,61,100,0,-10,FALSE,5.793233378
450,62,100,0,-10,FALSE,80.00411968
450,63,100,0,-10,FALSE,84.65315372
450,64,100,0,-10,FALSE,89.8300015
450,65,100,0,-10,FALSE,93.1402439
450,66,100,0,-10,FALSE,95.29673089
450,67,100,0,-10,FALSE,96.00038046
450,68,100,0,-10,FALSE,97.18230882
450,69,100,0,-10,FALSE,97.19546284
450,70,100,0,-10,FALSE,98.21870249
450,50,100,0,0,FALSE,3.067818298
450,51,100,0,0,FALSE,3.484331368
450,52,100,0,0,FALSE,2.700289427
450,53,100,0,0,FALSE,5.393124066
450,54,100,0,0,FALSE,6.718951188
450,55,100,0,0,FALSE,5.581651589
450,56,100,0,0,FALSE,5.649525429
450,57,100,0,0,FALSE,13.58200217
450,58,100,0,0,FALSE,9.405954178
450,59,100,0,0,FALSE,37.23959037
450,60,100,0,0,FALSE,72.5827885
450,61,100,0,0,FALSE,84.52715356
450,62,100,0,0,FALSE,88.64256656
450,63,100,0,0,FALSE,93.0569896
450,64,100,0,0,FALSE,92.4532558
450,65,100,0,0,FALSE,94.4380212
450,66,100,0,0,FALSE,96.28996533
450,67,100,0,0,FALSE,96.74680405
450,68,100,0,0,FALSE,98.2858742
450,69,100,0,0,FALSE,98.11181386
450,70,100,0,0,FALSE,98.93093039
450,50,100,0,10,FALSE,2.515663264
450,51,100,0,10,FALSE,3.444266365
450,52,100,0,10,FALSE,3.29201815
450,53,100,0,10,FALSE,3.289059455
450,54,100,0,10,FALSE,7.282222809
450,55,100,0,10,FALSE,5.668309655
450,56,100,0,10,FALSE,5.109990834
450,57,100,0,10,FALSE,10.4547232
450,58,100,0,10,FALSE,16.06053075
450,59,100,0,10,FALSE,41.23421401
450,60,100,0,10,FALSE,52.80202235
450,61,100,0,10,FALSE,63.07447668
450,62,100,0,10,FALSE,81.40604807
450,63,100,0,10,FALSE,87.05953827
450,64,100,0,10,FALSE,90.94415688
450,65,100,0,10,FALSE,92.46297797
450,66,100,0,10,FALSE,95.0611047
450,67,100,0,10,FALSE,95.35948492
450,68,100,0,10,FALSE,96.93265899
450,69,100,0,10,FALSE,97.43149493
450,70,100,0,10,FALSE,98.233674
450,50,100,0,20,FALSE,3.503449157
450,51,100,0,20,FALSE,3.123251911
450,52,100,0,20,FALSE,4.250702848
450,53,100,0,20,FALSE,3.100681667
450,54,100,0,20,FALSE,4.807125162
450,55,100,0,20,FALSE,6.271313797
450,56,100,0,20,FALSE,4.713190665
450,57,100,0,20,FALSE,7.275931521
450,58,100,0,20,FALSE,10.4466105
450,59,100,0,20,FALSE,29.48638027
450,60,100,0,20,FALSE,21.22526717
450,61,100,0,20,FALSE,53.75597274
450,62,100,0,20,FALSE,77.03232753
450,63,100,0,20,FALSE,83.43682676
450,64,100,0,20,FALSE,83.57341484
450,65,100,0,20,FALSE,90.04896348
450,66,100,0,20,FALSE,93.13996317
450,67,100,0,20,FALSE,95.27759293
450,68,100,0,20,FALSE,95.78737853
450,69,100,0,20,FALSE,96.30357845
450,70,100,0,20,FALSE,97.81754593
450,50,100,0,-20,FALSE,2.161645146
450,51,100,0,-20,FALSE,3.848931027
450,52,100,0,-20,FALSE,3.09591874
450,53,100,0,-20,FALSE,3.455880132
450,54,100,0,-20,FALSE,2.98336033
450,55,100,0,-20,FALSE,3.245920746
450,56,100,0,-20,FALSE,3.411033854
450,57,100,0,-20,FALSE,3.777990323
450,58,100,0,-20,FALSE,4.289144655
450,59,100,0,-20,FALSE,5.394860756
450,60,100,0,-20,FALSE,8.016698131
450,61,100,0,-20,FALSE,10.80661296
450,62,100,0,-20,FALSE,24.63890813
450,63,100,0,-20,FALSE,25.55324859
450,64,100,0,-20,FALSE,75.91271715
450,65,100,0,-20,FALSE,85.69052801
450,66,100,0,-20,FALSE,91.57940663
450,67,100,0,-20,FALSE,92.21941812
450,68,100,0,-20,FALSE,95.28817838
450,69,100,0,-20,FALSE,96.73571296
450,70,100,0,-20,FALSE,97.18088737
450,50,100,0,-10,FALSE,2.943239796
450,51,100,0,-10,FALSE,2.273511242
450,52,100,0,-10,FALSE,3.680812655
450,53,100,0,-10,FALSE,3.386777157
450,54,100,0,-10,FALSE,3.732178626
450,55,100,0,-10,FALSE,2.744157832
450,56,100,0,-10,FALSE,3.785569829
450,57,100,0,-10,FALSE,6.272002704
450,58,100,0,-10,FALSE,5.360978027
450,59,100,0,-10,FALSE,11.73547917
450,60,100,0,-10,FALSE,10.14177819
450,61,100,0,-10,FALSE,16.47621787
450,62,100,0,-10,FALSE,25.63089242
450,63,100,0,-10,FALSE,88.47880928
450,64,100,0,-10,FALSE,89.06673294
450,65,100,0,-10,FALSE,93.72853919
450,66,100,0,-10,FALSE,95.09104923
450,67,100,0,-10,FALSE,96.36428317
450,68,100,0,-10,FALSE,96.90726477
450,69,100,0,-10,FALSE,97.36567493
450,70,100,0,-10,FALSE,97.97781531
450,50,100,0,0,FALSE,3.470363289
450,51,100,0,0,FALSE,4.253986154
450,52,100,0,0,FALSE,3.374289382
450,53,100,0,0,FALSE,5.649871388
450,54,100,0,0,FALSE,4.502460441
450,55,100,0,0,FALSE,6.038850129
450,56,100,0,0,FALSE,9.552247335
450,57,100,0,0,FALSE,9.932102576
450,58,100,0,0,FALSE,8.992894571
450,59,100,0,0,FALSE,25.25389303
450,60,100,0,0,FALSE,72.98403167
450,61,100,0,0,FALSE,85.093719
450,62,100,0,0,FALSE,87.26511962
450,63,100,0,0,FALSE,89.79843169
450,64,100,0,0,FALSE,93.00697559
450,65,100,0,0,FALSE,95.97981374
450,66,100,0,0,FALSE,96.45707376
450,67,100,0,0,FALSE,97.13521772
450,68,100,0,0,FALSE,97.8037449
450,69,100,0,0,FALSE,98.31410004
450,70,100,0,0,FALSE,98.22725819
450,50,100,0,10,FALSE,3.255369928
450,51,100,0,10,FALSE,4.025982176
450,52,100,0,10,FALSE,4.564137169
450,53,100,0,10,FALSE,5.181503238
450,54,100,0,10,FALSE,4.020560692
450,55,100,0,10,FALSE,7.764227642
450,56,100,0,10,FALSE,11.49405627
450,57,100,0,10,FALSE,14.45614819
450,58,100,0,10,FALSE,37.31870177
450,59,100,0,10,FALSE,37.48647772
450,60,100,0,10,FALSE,62.40475302
450,61,100,0,10,FALSE,76.807056
450,62,100,0,10,FALSE,85.65876608
450,63,100,0,10,FALSE,88.52919588
450,64,100,0,10,FALSE,90.175675
450,65,100,0,10,FALSE,93.65973072
450,66,100,0,10,FALSE,94.36531463
450,67,100,0,10,FALSE,96.03863815
450,68,100,0,10,FALSE,96.26271405
450,69,100,0,10,FALSE,97.727797
450,70,100,0,10,FALSE,98.64880106
450,50,100,0,20,FALSE,2.844913591
450,51,100,0,20,FALSE,3.372755147
450,52,100,0,20,FALSE,3.967402959
450,53,100,0,20,FALSE,3.974385954
450,54,100,0,20,FALSE,5.916967296
450,55,100,0,20,FALSE,4.196376388
450,56,100,0,20,FALSE,6.264441592
450,57,100,0,20,FALSE,9.312891986
450,58,100,0,20,FALSE,6.741294901
450,59,100,0,20,FALSE,18.14007509
450,60,100,0,20,FALSE,33.64132161
450,61,100,0,20,FALSE,53.13731673
450,62,100,0,20,FALSE,79.8992262
450,63,100,0,20,FALSE,79.18849824
450,64,100,0,20,FALSE,88.58182362
450,65,100,0,20,FALSE,92.06950486
450,66,100,0,20,FALSE,93.19523064
450,67,100,0,20,FALSE,95.41847298
450,68,100,0,20,FALSE,95.4314602
450,69,100,0,20,FALSE,96.75459191
450,70,100,0,20,FALSE,97.21994722
450,50,100,0,-20,FALSE,2.131330884
450,51,100,0,-20,FALSE,2.883448941
450,52,100,0,-20,FALSE,2.222496986
450,53,100,0,-20,FALSE,2.826204983
450,54,100,0,-20,FALSE,2.406511738
450,55,100,0,-20,FALSE,3.209187198
450,56,100,0,-20,FALSE,3.589013804
450,57,100,0,-20,FALSE,3.510641281
450,58,100,0,-20,FALSE,4.097145993
450,59,100,0,-20,FALSE,3.904964807
450,60,100,0,-20,FALSE,6.788163407
450,61,100,0,-20,FALSE,11.46486784
450,62,100,0,-20,FALSE,16.43099548
450,63,100,0,-20,FALSE,17.30949189
450,64,100,0,-20,FALSE,86.6643428
450,65,100,0,-20,FALSE,90.29126214
450,66,100,0,-20,FALSE,92.22721916
450,67,100,0,-20,FALSE,93.7047619
450,68,100,0,-20,FALSE,95.72904438
450,69,100,0,-20,FALSE,96.649765
450,70,100,0,-20,FALSE,97.56286091
450,50,100,0,-10,FALSE,2.705044282
450,51,100,0,-10,FALSE,3.229011426
450,52,100,0,-10,FALSE,3.614568926
450,53,100,0,-10,FALSE,2.979336857
450,54,100,0,-10,FALSE,3.562642639
450,55,100,0,-10,FALSE,4.310270114
450,56,100,0,-10,FALSE,4.895842239
450,57,100,0,-10,FALSE,5.764748828
450,58,100,0,-10,FALSE,11.41913283
450,59,100,0,-10,FALSE,5.337972703
450,60,100,0,-10,FALSE,15.29365079
450,61,100,0,-10,FALSE,34.36334715
450,62,100,0,-10,FALSE,84.40310396
450,63,100,0,-10,FALSE,82.14385316
450,64,100,0,-10,FALSE,91.2347523
450,65,100,0,-10,FALSE,92.2559005
450,66,100,0,-10,FALSE,95.6032547
450,67,100,0,-10,FALSE,95.28983784
450,68,100,0,-10,FALSE,96.70945158
450,69,100,0,-10,FALSE,97.46592303
450,70,100,0,-10,FALSE,97.82638383
450,50,100,0,0,FALSE,2.849773929
450,51,100,0,0,FALSE,2.770238652
450,52,100,0,0,FALSE,5.220118052
450,53,100,0,0,FALSE,5.826325466
450,54,100,0,0,FALSE,3.655135584
450,55,100,0,0,FALSE,4.969213425
450,56,100,0,0,FALSE,5.673331035
450,57,100,0,0,FALSE,14.298113
450,58,100,0,0,FALSE,19.30466858
450,59,100,0,0,FALSE,29.4273796
450,60,100,0,0,FALSE,76.26254622
450,61,100,0,0,FALSE,72.14274485
450,62,100,0,0,FALSE,88.57858194
450,63,100,0,0,FALSE,92.74026564
450,64,100,0,0,FALSE,92.30348531
450,65,100,0,0,FALSE,94.99473774
450,66,100,0,0,FALSE,96.75138175
450,67,100,0,0,FALSE,96.85833831
450,68,100,0,0,FALSE,97.80101275
450,69,100,0,0,FALSE,98.39424142
450,70,100,0,0,FALSE,98.6281391
450,50,100,0,10,FALSE,2.319136058
450,51,100,0,10,FALSE,3.51696234
450,52,100,0,10,FALSE,4.202246503
450,53,100,0,10,FALSE,3.652272592
450,54,100,0,10,FALSE,4.97785651
450,55,100,0,10,FALSE,5.840877437
450,56,100,0,10,FALSE,5.917667238
450,57,100,0,10,FALSE,8.063703538
450,58,100,0,10,FALSE,20.98197161
450,59,100,0,10,FALSE,42.85946078
450,60,100,0,10,FALSE,27.5113579
450,61,100,0,10,FALSE,79.50787556
450,62,100,0,10,FALSE,85.98659028
450,63,100,0,10,FALSE,84.92725608
450,64,100,0,10,FALSE,92.77801185
450,65,100,0,10,FALSE,91.52312324
450,66,100,0,10,FALSE,93.46102879
450,67,100,0,10,FALSE,95.97701149
450,68,100,0,10,FALSE,97.29558865
450,69,100,0,10,FALSE,97.97079418
450,70,100,0,10,FALSE,97.89651012
450,50,100,0,20,FALSE,2.912869704
450,51,100,0,20,FALSE,5.42225581
450,52,100,0,20,FALSE,4.491356892
450,53,100,0,20,FALSE,4.729385689
450,54,100,0,20,FALSE,3.313075289
450,55,100,0,20,FALSE,4.471047419
450,56,100,0,20,FALSE,10.84354436
450,57,100,0,20,FALSE,11.81914478
450,58,100,0,20,FALSE,17.41127923
450,59,100,0,20,FALSE,34.46918273
450,60,100,0,20,FALSE,16.58263305
450,61,100,0,20,FALSE,71.66653653
450,62,100,0,20,FALSE,54.73670691
450,63,100,0,20,FALSE,78.04970354
450,64,100,0,20,FALSE,89.68281545
450,65,100,0,20,FALSE,89.30307546
450,66,100,0,20,FALSE,93.76788247
450,67,100,0,20,FALSE,95.02997716
450,68,100,0,20,FALSE,96.41788952
450,69,100,0,20,FALSE,96.84721099
450,70,100,0,20,FALSE,97.79497364
450,50,20,0,0,FALSE,0.879253428
450,51,20,0,0,FALSE,0.898475409
450,52,20,0,0,FALSE,0.908951798
450,53,20,0,0,FALSE,0.886891386
450,54,20,0,0,FALSE,0.852733764
450,55,20,0,0,FALSE,0.886853698
450,56,20,0,0,FALSE,0.880665519
450,57,20,0,0,FALSE,0.766605114
450,58,20,0,0,FALSE,0.79088546
450,59,20,0,0,FALSE,0.736947628
450,60,20,0,0,FALSE,0.777901254
450,61,20,0,0,FALSE,0.760545711
450,62,20,0,0,FALSE,0.763810308
450,63,20,0,0,FALSE,0.789054399
450,64,20,0,0,FALSE,0.733185366
450,65,20,0,0,FALSE,0.711314578
450,66,20,0,0,FALSE,0.760108724
450,67,20,0,0,FALSE,0.739327451
450,68,20,0,0,FALSE,0.664129895
450,69,20,0,0,FALSE,0.70745964
450,70,20,0,0,FALSE,0.700541327
450,50,40,0,0,FALSE,1.136363636
450,51,40,0,0,FALSE,1.026668336
450,52,40,0,0,FALSE,1.113804425
450,53,40,0,0,FALSE,1.06993425
450,54,40,0,0,FALSE,1.036315323
450,55,40,0,0,FALSE,1.03872676
450,56,40,0,0,FALSE,0.984564749
450,57,40,0,0,FALSE,0.988771577
450,58,40,0,0,FALSE,1.105624143
450,59,40,0,0,FALSE,0.958596225
450,60,40,0,0,FALSE,1.147532274
450,61,40,0,0,FALSE,1.002276712
450,62,40,0,0,FALSE,0.98907626
450,63,40,0,0,FALSE,0.984212124
450,64,40,0,0,FALSE,0.950285086
450,65,40,0,0,FALSE,0.874399922
450,66,40,0,0,FALSE,0.943011398
450,67,40,0,0,FALSE,0.96981481
450,68,40,0,0,FALSE,0.967877683
450,69,40,0,0,FALSE,0.878771104
450,70,40,0,0,FALSE,0.866364925
450,50,60,0,0,FALSE,1.284021774
450,51,60,0,0,FALSE,1.335260297
450,52,60,0,0,FALSE,1.463295169
450,53,60,0,0,FALSE,1.436928154
450,54,60,0,0,FALSE,1.511987057
450,55,60,0,0,FALSE,1.503846376
450,56,60,0,0,FALSE,1.409129572
450,57,60,0,0,FALSE,1.573944646
450,58,60,0,0,FALSE,1.430375577
450,59,60,0,0,FALSE,1.411605938
450,60,60,0,0,FALSE,1.569703915
450,61,60,0,0,FALSE,1.397633167
450,62,60,0,0,FALSE,1.914584025
450,63,60,0,0,FALSE,1.48673376
450,64,60,0,0,FALSE,1.533681332
450,65,60,0,0,FALSE,1.542907524
450,66,60,0,0,FALSE,1.665943392
450,67,60,0,0,FALSE,1.842734226
450,68,60,0,0,FALSE,1.577729472
450,69,60,0,0,FALSE,1.99054319
450,70,60,0,0,FALSE,1.705581904
450,50,80,0,0,FALSE,2.001083389
450,51,80,0,0,FALSE,2.15033599
450,52,80,0,0,FALSE,1.98489158
450,53,80,0,0,FALSE,1.861943688
450,54,80,0,0,FALSE,2.338389044
450,55,80,0,0,FALSE,2.194711817
450,56,80,0,0,FALSE,2.939333523
450,57,80,0,0,FALSE,2.322587867
450,58,80,0,0,FALSE,2.807190347
450,59,80,0,0,FALSE,2.172327146
450,60,80,0,0,FALSE,2.130602474
450,61,80,0,0,FALSE,3.193846956
450,62,80,0,0,FALSE,2.555309164
450,63,80,0,0,FALSE,3.824929121
450,64,80,0,0,FALSE,5.338548154
450,65,80,0,0,FALSE,8.552969679
450,66,80,0,0,FALSE,11.98682394
450,67,80,0,0,FALSE,5.398223733
450,68,80,0,0,FALSE,13.67946672
450,69,80,0,0,FALSE,22.12881262
450,70,80,0,0,FALSE,58.66784999
450,50,100,0,0,FALSE,2.766242893
450,51,100,0,0,FALSE,2.189325088
450,52,100,0,0,FALSE,3.984796469
450,53,100,0,0,FALSE,3.80229287
450,54,100,0,0,FALSE,5.154700398
450,55,100,0,0,FALSE,5.738440603
450,56,100,0,0,FALSE,7.599259997
450,57,100,0,0,FALSE,8.515984923
450,58,100,0,0,FALSE,19.44840834
450,59,100,0,0,FALSE,35.75741167
450,60,100,0,0,FALSE,69.50098315
450,61,100,0,0,FALSE,84.09666884
450,62,100,0,0,FALSE,87.75872722
450,63,100,0,0,FALSE,92.59829017
450,64,100,0,0,FALSE,92.19658927
450,65,100,0,0,FALSE,95.27084914
450,66,100,0,0,FALSE,96.18355512
450,67,100,0,0,FALSE,97.2129981
450,68,100,0,0,FALSE,97.28802406
450,69,100,0,0,FALSE,98.36650525
450,70,100,0,0,FALSE,98.99100082
450,50,20,0,0,FALSE,0.885773459
450,51,20,0,0,FALSE,0.907503274
450,52,20,0,0,FALSE,0.863097971
450,53,20,0,0,FALSE,0.851449275
450,54,20,0,0,FALSE,0.818950335
450,55,20,0,0,FALSE,0.832872244
450,56,20,0,0,FALSE,0.786279984
450,57,20,0,0,FALSE,0.860932724
450,58,20,0,0,FALSE,0.785528572
450,59,20,0,0,FALSE,0.78061693
450,60,20,0,0,FALSE,0.78112588
450,61,20,0,0,FALSE,0.827575336
450,62,20,0,0,FALSE,0.808625337
450,63,20,0,0,FALSE,0.716909436
450,64,20,0,0,FALSE,0.75625653
450,65,20,0,0,FALSE,0.730714531
450,66,20,0,0,FALSE,0.729891841
450,67,20,0,0,FALSE,0.691975471
450,68,20,0,0,FALSE,0.686751805
450,69,20,0,0,FALSE,0.704225352
450,70,20,0,0,FALSE,0.717490832
450,50,40,0,0,FALSE,1.092896175
450,51,40,0,0,FALSE,1.036934933
450,52,40,0,0,FALSE,1.180691855
450,53,40,0,0,FALSE,1.112249819
450,54,40,0,0,FALSE,1.05390565
450,55,40,0,0,FALSE,1.00435799
450,56,40,0,0,FALSE,1.158323298
450,57,40,0,0,FALSE,0.957773458
450,58,40,0,0,FALSE,1.043645876
450,59,40,0,0,FALSE,1.011163242
450,60,40,0,0,FALSE,0.958125384
450,61,40,0,0,FALSE,1.051970482
450,62,40,0,0,FALSE,0.977635618
450,63,40,0,0,FALSE,0.915412821
450,64,40,0,0,FALSE,0.877781922
450,65,40,0,0,FALSE,0.952450729
450,66,40,0,0,FALSE,0.830195965
450,67,40,0,0,FALSE,1.098901099
450,68,40,0,0,FALSE,0.941804892
450,69,40,0,0,FALSE,0.93287037
450,70,40,0,0,FALSE,1.182714524
450,50,60,0,0,FALSE,1.495101158
450,51,60,0,0,FALSE,1.408758668
450,52,60,0,0,FALSE,1.349523517
450,53,60,0,0,FALSE,1.530057943
450,54,60,0,0,FALSE,1.315673549
450,55,60,0,0,FALSE,1.390328152
450,56,60,0,0,FALSE,1.548401787
450,57,60,0,0,FALSE,1.396546416
450,58,60,0,0,FALSE,1.3942744
450,59,60,0,0,FALSE,1.821758698
450,60,60,0,0,FALSE,1.428877234
450,61,60,0,0,FALSE,1.340308141
450,62,60,0,0,FALSE,1.530166881
450,63,60,0,0,FALSE,1.588342073
450,64,60,0,0,FALSE,1.553189898
450,65,60,0,0,FALSE,1.670392297
450,66,60,0,0,FALSE,1.426781066
450,67,60,0,0,FALSE,1.782310332
450,68,60,0,0,FALSE,1.811856452
450,69,60,0,0,FALSE,1.65549862
450,70,60,0,0,FALSE,1.811246631
450,50,80,0,0,FALSE,2.00934728
450,51,80,0,0,FALSE,1.841293579
450,52,80,0,0,FALSE,1.997247286
450,53,80,0,0,FALSE,2.163763692
450,54,80,0,0,FALSE,2.14850667
450,55,80,0,0,FALSE,2.167630058
450,56,80,0,0,FALSE,2.29422761
450,57,80,0,0,FALSE,2.368376693
450,58,80,0,0,FALSE,3.090708575
450,59,80,0,0,FALSE,2.787446971
450,60,80,0,0,FALSE,2.693202241
450,61,80,0,0,FALSE,2.887419288
450,62,80,0,0,FALSE,3.297916025
450,63,80,0,0,FALSE,4.40692553
450,64,80,0,0,FALSE,3.631744134
450,65,80,0,0,FALSE,7.868796321
450,66,80,0,0,FALSE,6.721164776
450,67,80,0,0,FALSE,6.521221926
450,68,80,0,0,FALSE,6.613409549
450,69,80,0,0,FALSE,11.19123561
450,70,80,0,0,FALSE,12.26669101
450,50,100,0,0,FALSE,3.053922821
450,51,100,0,0,FALSE,3.102997071
450,52,100,0,0,FALSE,4.239904625
450,53,100,0,0,FALSE,4.296429643
450,54,100,0,0,FALSE,6.805539117
450,55,100,0,0,FALSE,5.56153779
450,56,100,0,0,FALSE,14.36049158
450,57,100,0,0,FALSE,13.95518207
450,58,100,0,0,FALSE,26.74752721
450,59,100,0,0,FALSE,54.25406045
450,60,100,0,0,FALSE,74.22447679
450,61,100,0,0,FALSE,84.61538462
450,62,100,0,0,FALSE,87.93395211
450,63,100,0,0,FALSE,90.6514009
450,64,100,0,0,FALSE,93.02118172
450,65,100,0,0,FALSE,95.71299529
450,66,100,0,0,FALSE,96.15533511
450,67,100,0,0,FALSE,96.58725815
450,68,100,0,0,FALSE,97.60637056
450,69,100,0,0,FALSE,98.50618963
450,70,100,0,0,FALSE,99.02232732
450,50,20,0,0,FALSE,0.888746803
450,51,20,0,0,FALSE,0.901993717
450,52,20,0,0,FALSE,0.878680438
450,53,20,0,0,FALSE,0.858420989
450,54,20,0,0,FALSE,0.923937031
450,55,20,0,0,FALSE,0.862967682
450,56,20,0,0,FALSE,0.850189724
450,57,20,0,0,FALSE,0.850956273
450,58,20,0,0,FALSE,0.806341022
450,59,20,0,0,FALSE,0.811849781
450,60,20,0,0,FALSE,0.765238574
450,61,20,0,0,FALSE,0.75731857
450,62,20,0,0,FALSE,0.727309977
450,63,20,0,0,FALSE,0.77899742
450,64,20,0,0,FALSE,0.709536568
450,65,20,0,0,FALSE,0.748049903
450,66,20,0,0,FALSE,0.728831207
450,67,20,0,0,FALSE,0.701445691
450,68,20,0,0,FALSE,0.732918091
450,69,20,0,0,FALSE,0.699719192
450,70,20,0,0,FALSE,0.68593045
450,50,40,0,0,FALSE,1.095872853
450,51,40,0,0,FALSE,1.129504014
450,52,40,0,0,FALSE,1.103712487
450,53,40,0,0,FALSE,1.065206271
450,54,40,0,0,FALSE,1.093383249
450,55,40,0,0,FALSE,1.088376143
450,56,40,0,0,FALSE,1.117000057
450,57,40,0,0,FALSE,1.011500624
450,58,40,0,0,FALSE,1.08898911
450,59,40,0,0,FALSE,0.997304582
450,60,40,0,0,FALSE,1.035734153
450,61,40,0,0,FALSE,1.039870408
450,62,40,0,0,FALSE,1.016453194
450,63,40,0,0,FALSE,0.872432158
450,64,40,0,0,FALSE,0.985957574
450,65,40,0,0,FALSE,0.959781735
450,66,40,0,0,FALSE,1.069299283
450,67,40,0,0,FALSE,1.132291816
450,68,40,0,0,FALSE,0.879223664
450,69,40,0,0,FALSE,1.110213503
450,70,40,0,0,FALSE,1.055546728
450,50,60,0,0,FALSE,1.30199147
450,51,60,0,0,FALSE,1.400902595
450,52,60,0,0,FALSE,1.376146789
450,53,60,0,0,FALSE,1.312462372
450,54,60,0,0,FALSE,1.313967534
450,55,60,0,0,FALSE,1.304196615
450,56,60,0,0,FALSE,1.743472678
450,57,60,0,0,FALSE,1.381846548
450,58,60,0,0,FALSE,1.389384662
450,59,60,0,0,FALSE,1.548087815
450,60,60,0,0,FALSE,1.507551026
450,61,60,0,0,FALSE,1.582319864
450,62,60,0,0,FALSE,1.355166573
450,63,60,0,0,FALSE,1.316189126
450,64,60,0,0,FALSE,1.531864264
450,65,60,0,0,FALSE,1.423277956
450,66,60,0,0,FALSE,1.53361599
450,67,60,0,0,FALSE,1.885628899
450,68,60,0,0,FALSE,1.624227673
450,69,60,0,0,FALSE,2.015775635
450,70,60,0,0,FALSE,1.606434854
450,50,80,0,0,FALSE,2.032092385
450,51,80,0,0,FALSE,2.025586354
450,52,80,0,0,FALSE,2.058922507
450,53,80,0,0,FALSE,1.997840173
450,54,80,0,0,FALSE,1.907060243
450,55,80,0,0,FALSE,1.963168867
450,56,80,0,0,FALSE,2.876916038
450,57,80,0,0,FALSE,2.903486976
450,58,80,0,0,FALSE,2.03542744
450,59,80,0,0,FALSE,2.782239403
450,60,80,0,0,FALSE,3.945412065
450,61,80,0,0,FALSE,3.400333264
450,62,80,0,0,FALSE,4.227118037
450,63,80,0,0,FALSE,3.17940191
450,64,80,0,0,FALSE,6.577114428
450,65,80,0,0,FALSE,5.928436356
450,66,80,0,0,FALSE,5.454281357
450,67,80,0,0,FALSE,8.634938729
450,68,80,0,0,FALSE,12.29896594
450,69,80,0,0,FALSE,15.25615821
450,70,80,0,0,FALSE,65.03301341
450,50,100,0,0,FALSE,2.599057205
450,51,100,0,0,FALSE,4.864612512
450,52,100,0,0,FALSE,4.12880405
450,53,100,0,0,FALSE,4.14930241
450,54,100,0,0,FALSE,5.374919008
450,55,100,0,0,FALSE,6.638716206
450,56,100,0,0,FALSE,10.32182995
450,57,100,0,0,FALSE,5.445350916
450,58,100,0,0,FALSE,51.52040507
450,59,100,0,0,FALSE,6.549335633
450,60,100,0,0,FALSE,72.10202567
450,61,100,0,0,FALSE,84.52669745
450,62,100,0,0,FALSE,87.46234067
450,63,100,0,0,FALSE,90.1947871
450,64,100,0,0,FALSE,94.26726378
450,65,100,0,0,FALSE,95.66404916
450,66,100,0,0,FALSE,96.93921748
450,67,100,0,0,FALSE,97.16000759
450,68,100,0,0,FALSE,97.83464109
450,69,100,0,0,FALSE,98.19890549
450,70,100,0,0,FALSE,98.5955248
450,50,100,0,0,FALSE,4.579591576
450,51,100,0,0,FALSE,3.861534616
450,52,100,0,0,FALSE,3.33628941
450,53,100,0,0,FALSE,3.159443794
450,54,100,0,0,FALSE,4.884727498
450,55,100,0,0,FALSE,6.969337233
450,56,100,0,0,FALSE,8.371881829
450,57,100,0,0,FALSE,7.952665377
450,58,100,0,0,FALSE,18.80505553
450,59,100,0,0,FALSE,62.91666667
450,60,100,0,0,FALSE,68.83158399
450,61,100,0,0,FALSE,83.34847737
450,62,100,0,0,FALSE,81.65333056
450,63,100,0,0,FALSE,90.53735654
450,64,100,0,0,FALSE,93.64806653
450,65,100,0,0,FALSE,95.50979481
450,66,100,0,0,FALSE,96.20873681
450,67,100,0,0,FALSE,96.91955011
450,68,100,0,0,FALSE,97.55286795
450,69,100,0,0,FALSE,98.1047266
450,70,100,0,0,FALSE,98.47599117
450,50,100,0,0,TRUE,3.953939625
450,51,100,0,0,TRUE,4.184245325
450,52,100,0,0,TRUE,5.911646096
450,53,100,0,0,TRUE,7.928156749
450,54,100,0,0,TRUE,4.706401766
450,55,100,0,0,TRUE,5.879287885
450,56,100,0,0,TRUE,4.700550155
450,57,100,0,0,TRUE,12.87048429
450,58,100,0,0,TRUE,35.65040873
450,59,100,0,0,TRUE,58.45405405
450,60,100,0,0,TRUE,76.67659416
450,61,100,0,0,TRUE,81.34050367
450,62,100,0,0,TRUE,78.5868015
450,63,100,0,0,TRUE,90.95366883
450,64,100,0,0,TRUE,93.02296524
450,65,100,0,0,TRUE,94.50903281
450,66,100,0,0,TRUE,95.16211046
450,67,100,0,0,TRUE,96.90382553
450,68,100,0,0,TRUE,97.20759684
450,69,100,0,0,TRUE,98.19888557
450,70,100,0,0,TRUE,98.66105933
450,50,100,0,0,FALSE,2.662144434
450,51,100,0,0,FALSE,3.808127748
450,52,100,0,0,FALSE,3.643439358
450,53,100,0,0,FALSE,4.669809904
450,54,100,0,0,FALSE,4.00738202
450,55,100,0,0,FALSE,6.119968749
450,56,100,0,0,FALSE,10.98938818
450,57,100,0,0,FALSE,17.37658122
450,58,100,0,0,FALSE,25.96299249
450,59,100,0,0,FALSE,58.77710438
450,60,100,0,0,FALSE,28.45324311
450,61,100,0,0,FALSE,78.72018373
450,62,100,0,0,FALSE,81.01706274
450,63,100,0,0,FALSE,92.4290619
450,64,100,0,0,FALSE,94.75654502
450,65,100,0,0,FALSE,95.40001472
450,66,100,0,0,FALSE,96.28166843
450,67,100,0,0,FALSE,96.84024629
450,68,100,0,0,FALSE,97.54887042
450,69,100,0,0,FALSE,98.0613446
450,70,100,0,0,FALSE,98.71055929
450,50,100,0,0,TRUE,2.844387755
450,51,100,0,0,TRUE,3.46324402
450,52,100,0,0,TRUE,3.811096837
450,53,100,0,0,TRUE,4.195594025
450,54,100,0,0,TRUE,10.94241916
450,55,100,0,0,TRUE,6.149460395
450,56,100,0,0,TRUE,12.87636312
450,57,100,0,0,TRUE,13.7928135
450,58,100,0,0,TRUE,24.25042636
450,59,100,0,0,TRUE,12.43719272
450,60,100,0,0,TRUE,65.76957648
450,61,100,0,0,TRUE,83.71060924
450,62,100,0,0,TRUE,86.68725869
450,63,100,0,0,TRUE,88.93842296
450,64,100,0,0,TRUE,90.88406087
450,65,100,0,0,TRUE,94.25329608
450,66,100,0,0,TRUE,95.41669684
450,67,100,0,0,TRUE,96.59104492
450,68,100,0,0,TRUE,97.36191261
450,69,100,0,0,TRUE,98.2580407
450,70,100,0,0,TRUE,98.80287129
450,50,100,0,0,FALSE,3.696816185
450,51,100,0,0,FALSE,3.009375
450,52,100,0,0,FALSE,5.241673625
450,53,100,0,0,FALSE,5.623626456
450,54,100,0,0,FALSE,4.750628977
450,55,100,0,0,FALSE,6.630699617
450,56,100,0,0,FALSE,9.063409623
450,57,100,0,0,FALSE,4.261108618
450,58,100,0,0,FALSE,23.82081323
450,59,100,0,0,FALSE,5.725799908
450,60,100,0,0,FALSE,65.94148936
450,61,100,0,0,FALSE,85.28751826
450,62,100,0,0,FALSE,82.46416118
450,63,100,0,0,FALSE,89.66567664
450,64,100,0,0,FALSE,93.72143851
450,65,100,0,0,FALSE,94.64263762
450,66,100,0,0,FALSE,95.44692126
450,67,100,0,0,FALSE,97.08770178
450,68,100,0,0,FALSE,97.52687417
450,69,100,0,0,FALSE,98.17407605
450,70,100,0,0,FALSE,98.70980954
450,50,100,0,0,TRUE,3.096093328
450,51,100,0,0,TRUE,3.047601223
450,52,100,0,0,TRUE,3.548932248
450,53,100,0,0,TRUE,4.126506024
450,54,100,0,0,TRUE,5.561837876
450,55,100,0,0,TRUE,8.006256698
450,56,100,0,0,TRUE,6.646208053
450,57,100,0,0,TRUE,27.05173139
450,58,100,0,0,TRUE,16.67355201
450,59,100,0,0,TRUE,13.92659355
450,60,100,0,0,TRUE,74.33703341
450,61,100,0,0,TRUE,80.04984914
450,62,100,0,0,TRUE,87.52604636
450,63,100,0,0,TRUE,89.37381404
450,64,100,0,0,TRUE,93.2767624
450,65,100,0,0,TRUE,95.20576587
450,66,100,0,0,TRUE,96.51165594
450,67,100,0,0,TRUE,96.67726776
450,68,100,0,0,TRUE,97.68155313
450,69,100,0,0,TRUE,98.35948645
450,70,100,0,0,TRUE,98.4713609
